1,Rosaline,Loyley,620-603-6841,319 Scofield Terrace
2,Bat,Falconar,656-698-0545,93142 Marcy Junction
3,Christophorus,Gainsborough,537-418-7776,58209 Del Mar Point
4,Rosanne,Sultan,567-438-6339,933 Butternut Trail
5,Sarita,Dring,576-253-8487,3319 Clarendon Park
6,Norma,Caulwell,827-744-4954,52145 Dawn Court
7,Catharine,Lukins,207-431-6087,8138 Mifflin Parkway
8,Kenton,Manilove,985-375-5525,871 Westend Plaza
9,Marj,Matterson,604-486-2582,906 Sutherland Lane
10,Putnem,Manwell,626-274-1524,855 Quincy Hill
11,Alanna,Spall,462-630-1902,58 Hallows Circle
12,Barbabra,Hellwich,657-309-7815,0 Sheridan Drive
13,Lethia,Hancell,605-566-7589,61 Stephen Crossing
14,Fania,Michele,806-599-5467,3 Colorado Terrace
15,Kelci,Loader,570-700-8297,2 Golf View Trail
16,Fergus,Greenhalgh,564-404-0684,166 Miller Court
17,Evonne,Goddman,557-971-1327,1006 Monument Way
18,Benn,Starbucke,928-458-9076,67 Sunfield Lane
19,Maren,Haines,719-444-4848,920 Haas Street
20,Kalle,Dumingo,237-273-7202,3127 Luster Junction
21,Levon,Sellor,242-161-1401,58409 Esch Pass
22,Rochester,Cockitt,314-759-6349,1 Ridgeview Center
23,Ximenez,Clemot,897-998-6497,496 Prentice Junction
24,Torrey,Leinthall,646-690-6246,53 Thompson Terrace
25,Reinald,Jaquet,903-633-5329,32904 Messerschmidt Court
26,Rolfe,O'Dougherty,251-910-1083,8423 Jenna Way
27,Goldarina,Edmand,755-144-1227,9 Bashford Street
28,Arel,Hiley,770-840-0033,806 Emmet Junction
29,Oberon,Boatman,131-364-1263,1725 Dottie Place
30,Clea,Pohls,383-435-4852,00148 Derek Avenue
31,Rockey,Salerg,549-748-3516,8 Independence Drive
32,Hollie,Simeon,436-209-1880,646 Chinook Crossing
33,Cyrill,Gavaran,653-806-6250,852 Starling Road
34,Umberto,Hamblett,809-179-7277,45723 Basil Pass
35,Kaile,Dobble,748-503-5989,7230 Talisman Junction
36,Erastus,Borrow,691-499-9515,9 Oakridge Lane
37,Rona,Fenning,574-454-7320,07 Prairie Rose Parkway
38,Doyle,Bartalini,528-274-2974,941 Northwestern Point
39,Bertine,Wetherby,256-575-9158,90394 Bayside Place
40,Hart,Whymark,754-874-8451,7204 Cambridge Avenue
41,Mira,Lepard,618-567-6666,9476 Hoepker Plaza
42,Joleen,Velde,509-958-4591,6527 2nd Road
43,Hyacinthia,Caban,668-184-6270,6 Dennis Park
44,Sheena,Winch,104-309-9772,001 Clarendon Crossing
45,Xylina,Gilvary,891-520-1898,62137 Columbus Trail
46,Anya,Etchells,893-430-4384,39 Artisan Road
47,Christen,Kasher,267-188-6232,806 Bonner Hill
48,Elga,Leggis,748-813-9977,103 Mallard Trail
49,Brittani,Klauber,235-531-6274,189 Arapahoe Road
50,Arleta,Dalziell,662-656-6688,6 Weeping Birch Center