1,Rebecka,Pickless,221-121-6328,7827 Victoria Park,27
2,Kalinda,Handes,632-592-4219,1024 Derek Terrace,96
3,Wake,Duignan,359-550-4187,5 Meadow Vale Terrace,26
4,Abbey,Wixey,881-178-0122,73 Rowland Point,20
5,Christie,Otridge,496-545-3405,25 Birchwood Center,29
6,Misty,Latour,806-142-6517,51097 Holmberg Center,37
7,Jarvis,Sleit,705-427-4717,586 Wayridge Terrace,78
8,Abbey,Lovering,608-734-7376,8 Sage Parkway,20
9,Ethan,Jzhakov,466-136-3870,55479 Sachs Hill,66
10,Wernher,Klaussen,744-790-6628,0277 Summit Hill,92
11,Lura,Genn,796-747-0374,45017 2nd Plaza,26
12,Gabriela,Goskar,318-386-2025,2 Stuart Point,43
13,Kara,Aucoate,239-332-9789,8 Carey Alley,70
14,Tania,Torrans,542-647-7091,329 Dottie Alley,5
15,Haze,Tomashov,850-481-5244,29 Utah Place,77
16,Nicholas,Mintoft,599-383-1784,6208 Riverside Road,68
17,Hansiain,Bingle,801-344-5530,51 Helena Park,3
18,Lorelei,Scopham,803-980-6017,1337 Bay Parkway,27
19,Elberta,Cutsforth,380-698-4845,6949 Ilene Drive,32
20,Dena,Clarkson,429-633-4868,79 Petterle Center,20
21,Kalli,Gozzett,922-661-7988,02895 Waubesa Alley,24
22,Reuben,Roderighi,306-856-1124,5183 Parkside Center,52
23,Ole,Cheake,797-535-6093,299 Shelley Place,30
24,Sonnnie,Myderscough,804-682-2639,68013 Waxwing Road,90
25,Averill,Searjeant,465-429-6672,23 Lighthouse Bay Trail,28
26,Skippie,Tender,653-827-4053,50 Almo Plaza,35
27,Gracie,Digan,702-852-3966,348 Main Parkway,29
28,Carney,Kevern,465-326-9043,13414 Hoard Center,67
29,Tobe,Bellocht,804-482-1619,5466 Barby Avenue,41
30,Amelita,Prandin,180-353-5434,535 Sullivan Place,45
31,Wallas,Lanchbury,806-767-1885,8 Hansons Hill,34
32,Tiffi,Doubrava,787-262-1325,76 Maryland Point,87
33,Henka,Schimann,504-745-0522,6673 Dakota Park,52
34,Mag,Woolfall,386-645-8161,5 Meadow Valley Lane,89
35,Jessamyn,Burbury,956-147-1204,782 Nancy Way,51
36,Court,Siggins,693-623-1950,51880 Eagan Center,12
37,Derick,Karpol,913-483-6858,3 Fremont Center,57
38,Stevana,Praundl,953-126-0607,16 Lakeland Point,56
39,Nessi,Wahncke,570-822-4349,70655 Thompson Point,56
40,Philip,Merkle,297-306-4355,46749 Macpherson Trail,54
41,Bobinette,Leaver,355-470-8932,5 Waywood Avenue,16
42,Gennifer,Billington,746-149-5195,86113 Springs Lane,72
43,Yuri,Deavin,791-912-2811,07 Kim Terrace,92
44,Elle,Fust,222-696-8965,0662 Portage Street,25
45,Jacquette,Boddis,151-803-5036,31 Heffernan Way,79
46,Shanta,Mully,763-357-4094,696 Glendale Pass,82
47,Cyrillus,Wyer,461-259-8060,5 La Follette Pass,23
48,Jerald,Rounds,435-746-5451,9346 Sachtjen Alley,69
49,Johnath,Reckus,263-622-3090,4 Schiller Terrace,63
50,Shoshana,Lunbech,720-795-1920,245 Sullivan Pass,83